0,0,0,0
2.807354922057604,2.315621328097676,6.00871334163964,7.0
3.321928094887362,2.0724777959825587,6.078494381702624,10.0
3.0,2.216138861318252,6.046232625696084,8.0
3.169925001442312,1.7578474113373668,6.2713999676504395,9.0
2.584962500721156,1.501964175055472,6.41473438228041,6.0
2.321928094887362,1.6471241740221974,6.3809170016818975,5.0
2.0,0.8582614094298798,6.826254176984335,4.0
2.584962500721156,1.0375237011959664,6.847978465383507,6.0
2.584962500721156,0.920583366608634,6.857678151595099,6.0
2.321928094887362,1.128904380272597,6.790351718129228,5.0
1.0,0.47052878933473385,7.21807048084404,2.0
2.584962500721156,1.4208583724634534,6.494326995340228,6.0
2.807354922057604,1.6373244854799736,6.339143404289545,7.0
2.807354922057604,1.9193070207589347,5.614984952190363,7.0
3.169925001442312,1.9668474620788565,5.560173155355889,9.0
1.584962500721156,0.8091613815282843,6.855250654904268,3.0
2.0,0.8001746872589786,6.862538306202891,4.0
3.0,2.0724391088438416,6.05947531292383,8.0
2.584962500721156,1.9178206515732055,6.153823673372914,6.0
2.584962500721156,1.8656225961011612,6.203101569540217,6.0
2.584962500721156,0.42942948596860897,7.307955886831909,6.0
3.321928094887362,2.232645195756995,5.997548188325971,10.0
3.0,2.319615301368694,5.997548188325971,8.0
3.321928094887362,2.0710762044181386,6.080402857175686,10.0
3.321928094887362,1.767923610573314,6.2734315193082475,10.0
2.807354922057604,1.8716099862669269,6.297913203286036,7.0
3.0,1.8302782534956963,6.267340809095327,8.0
3.0,2.2271759692194673,6.061371862317546,8.0
2.584962500721156,1.7824162307063218,6.277498573777815,6.0
3.0,2.139130409223377,6.0274145969824335,8.0
2.807354922057604,1.5585784492038501,6.399895274324044,7.0
2.584962500721156,1.0268818521949779,6.862538306202891,6.0
2.807354922057604,1.0416370663503243,6.7760962561597475,7.0
2.321928094887362,1.1301890731029836,6.780841421605238,5.0
1.0,0.45763623118645924,7.196612077333541,2.0
2.584962500721156,1.5240258793941108,6.470458770499352,6.0
2.584962500721156,1.7544411391974248,6.283609052597196,6.0
3.169925001442312,2.074773924768594,6.063269599281328,9.0
2.321928094887362,0.8434493153901133,6.816643118657008,5.0
2.0,0.8307116051416789,6.833480275266252,4.0
2.0,0.8288601008418257,6.826254176984335,4.0
3.321928094887362,2.15484007449967,5.982725702843546,10.0
3.0,2.31848464828874,5.9115027778096945,8.0
3.169925001442312,2.0933119220098075,6.04812089322441,9.0
3.321928094887362,2.229572790038288,5.984574505594734,10.0
3.169925001442312,2.076810929778687,6.070872445173843,9.0
3.169925001442312,2.060421672350143,6.072776136752762,9.0
3.169925001442312,1.9909891450267587,6.132388568747485,9.0
3.0,1.9965160005227884,6.147962888922082,8.0
3.169925001442312,1.8879173018437332,6.203101569540217,9.0
3.321928094887362,1.8575901045248007,6.189224384820888,10.0
2.584962500721156,1.990833170250867,6.211059365011083,6.0
3.0,2.2880074663704772,6.006849596806625,8.0
3.321928094887362,2.02629035633628,6.072776136752762,10.0
3.321928094887362,2.409490352995583,5.857859376922129,10.0
2.321928094887362,1.4985302344351408,6.404128009293836,5.0
1.584962500721156,0.0756289119680775,7.579680274013526,3.0
2.321928094887362,1.3269912435176083,6.671058594593372,5.0
2.0,1.4858442317407838,6.5381779541203775,4.0
2.0,1.0812015681327027,6.8190433451072385,4.0
2.807354922057604,2.32783226704039,6.147962888922082,7.0
2.584962500721156,1.7021140849811962,6.468297628625438,6.0
2.321928094887362,1.528274833096896,6.531562596999851,5.0
3.169925001442312,2.5161434439687733,5.833157560272458,9.0
2.321928094887362,0.8551523108436252,6.809452566844079,5.0
3.169925001442312,2.262583170905396,5.958794800032171,9.0
3.0,2.080059051051352,6.089963239026591,8.0
2.807354922057604,1.6875210150855628,6.308170390913537,7.0
2.584962500721156,1.4192544337467554,6.442476081205775,6.0
3.321928094887362,1.2094947937616927,6.50742039654051,10.0
2.807354922057604,1.9030344865043556,6.235055730877193,7.0
3.0,1.1684543499971018,6.6322202397618355,8.0
2.807354922057604,1.3179437000100904,6.549233378459438,7.0
2.584962500721156,1.538323369880232,6.4275084965498035,6.0
2.807354922057604,1.810428392165607,6.297913203286036,7.0
2.807354922057604,2.1074922046736617,6.159695642526895,7.0
2.0,1.4550733315629385,6.470458770499352,4.0
1.584962500721156,1.038029082747242,6.855250654904268,3.0
2.584962500721156,1.5400359623467736,6.457513537880813,6.0
3.169925001442312,1.752987912422587,6.3020120729269635,9.0
2.584962500721156,1.563043119539721,6.485627294073864,6.0
2.584962500721156,1.5026683811859265,6.487800033535866,6.0
2.321928094887362,1.3167382528648932,6.58262511900223,5.0
2.321928094887362,0.7229368062858166,6.956208010095028,5.0
2.0,0.5308715560060203,7.132995616981422,4.0
2.0,1.47309787882123,6.511796603935629,4.0
2.321928094887362,1.7376478924517513,6.30611628137563,5.0
2.807354922057604,1.9425077666093857,6.132388568747485,7.0
3.321928094887362,2.2083642264247554,5.880984846676149,10.0
2.807354922057604,2.0813220773505754,6.086135480862526,7.0
2.0,1.2425838900410662,6.616359104921271,4.0
2.584962500721156,1.8031488500053259,6.2390731636934795,6.0
2.807354922057604,1.7610000395008782,6.233048954008548,7.0
2.807354922057604,0.7931571729086397,6.9913657401099485,7.0
3.0,0.9269061531455973,6.7975019656386655,8.0
2.807354922057604,0.8636602586973267,6.843138904630587,7.0
3.0,1.677949672094305,6.393556652395034,8.0
3.321928094887362,1.6293250124288503,6.485627294073864,10.0
2.807354922057604,1.1349378777929857,6.680263228735619,7.0
3.0,0.9060672471523181,6.90905569036909,8.0
2.807354922057604,1.6127213835346927,6.41473438228041,7.0
2.321928094887362,1.4119270963532897,6.558104673249089,5.0
2.807354922057604,0.8363370081494844,6.904129447452606,7.0
2.0,1.1876593558909072,6.696432607228409,4.0
2.584962500721156,1.8299867647457084,6.38933787532318,6.0
2.584962500721156,1.8225535458673532,6.3537018044962466,6.0
3.169925001442312,1.7186015272996829,6.3225867124076265,9.0
2.321928094887362,1.29937955744361,6.726670059084599,5.0
2.584962500721156,1.4122300885800143,6.564773932238833,6.0
2.584962500721156,1.4184330210165366,6.52936045182217,6.0
2.321928094887362,1.3842333768500144,6.569227645897069,5.0
2.0,1.1342968935726914,6.696432607228409,4.0
2.0,1.0353552808311937,6.7150080097449925,4.0
2.0,1.5085175697191362,6.505234497851717,4.0
2.0,0.755325560937063,6.996417304951069,4.0
2.584962500721156,1.658100000243729,6.285648523240687,6.0
3.0,2.2471206426603976,5.940516288375632,8.0
2.321928094887362,1.2880334539165732,6.516178701246488,5.0
3.169925001442312,1.962504290301871,4.038807737248083,9.0
3.169925001442312,2.095028666193327,6.033047694736623,9.0
2.807354922057604,1.811641121776421,6.211059365011083,7.0
2.321928094887362,1.629682790282633,6.349535442657233,5.0
2.0,1.3308831431668782,6.527159791069956,4.0
2.321928094887362,0.9987949856166357,6.7975019656386655,5.0
3.0,0.9290120929950167,6.802277168986498,8.0
2.807354922057604,0.8677105202971335,6.833480275266252,7.0
2.807354922057604,0.8616927335716613,6.835892375610504,7.0
2.807354922057604,0.7987519156018311,6.918929296214562,7.0
2.807354922057604,0.7973964915872084,6.913988968262963,7.0
2.321928094887362,1.4465166039007877,6.195164139508816,5.0
2.584962500721156,1.5261010338929861,6.41473438228041,6.0
2.584962500721156,0.8400389428582019,6.913988968262963,6.0
2.584962500721156,0.7818205629305452,6.943737217678222,6.0
2.321928094887362,1.5067588389542312,6.567000033945256,5.0
3.0,1.6820505556070493,6.35996160922974,8.0
2.584962500721156,2.0141369124509625,6.213052005166685,6.0
3.0,1.5917734353821393,6.406246477044181,8.0
2.584962500721156,1.8183543830835933,6.418986774976652,6.0
2.807354922057604,2.0657526146524474,6.2451090293790905,7.0
2.321928094887362,1.2158845391355528,6.7642623472247845,5.0
2.321928094887362,0.9267347993446517,6.899210224476152,5.0
2.807354922057604,1.4990254665560845,6.509607764741028,7.0
2.0,1.2891515599200694,6.650440625035906,4.0
1.584962500721156,0.6133606628636258,7.10942845084602,3.0
2.0,0.4078258890304034,7.210008600187848,4.0
2.584962500721156,1.3768886641731588,6.650440625035906,6.0
2.321928094887362,0.9783680366026192,6.838306179415452,5.0
2.321928094887362,1.2614339610699088,6.609584675803603,5.0
2.321928094887362,1.4312790343006483,6.442476081205775,5.0
2.584962500721156,1.3635187550974703,6.470458770499352,6.0
2.807354922057604,2.011180439576056,6.086135480862526,7.0
3.169925001442312,1.0276042198523827,6.677959689691227,9.0
3.321928094887362,1.906334523946175,6.167542388568331,10.0
2.807354922057604,1.9715490417492818,6.093795815010874,7.0
3.0,1.8297321239162665,6.199130313733853,8.0
3.0,0.887217596804724,6.90905569036909,8.0
2.807354922057604,0.485941200622722,7.2019647081087985,7.0
2.807354922057604,0.8611854836567586,6.835892375610504,7.0
3.0,1.572671520567425,6.316400228344605,8.0
3.0,2.5699025868506338,5.810405970628431,8.0
3.169925001442312,2.598404028431936,5.891719835748269,9.0
2.584962500721156,2.211710467825186,6.082312531439874,6.0
2.321928094887362,1.8417418702916697,6.295865767264162,5.0
2.584962500721156,2.0785432134900153,6.1773789792997,6.0
2.584962500721156,1.935304624758748,6.320523204994961,6.0
2.584962500721156,1.4787618293861982,6.453209963380393,6.0
2.584962500721156,1.602724920396912,6.444620000034795,6.0
2.584962500721156,1.791240001637635,6.235055730877193,6.0
2.584962500721156,1.909053808303829,6.191203037117826,6.0
2.321928094887362,1.6968335816104927,6.451060326483864,5.0
2.584962500721156,1.8401796623632642,6.3537018044962466,6.0
2.321928094887362,1.3104251398232847,6.593831494758106,5.0
2.584962500721156,1.3499433560177476,6.614099419434617,6.0
2.0,1.197540899427493,6.724334409758528,4.0
2.321928094887362,1.0476261218412475,6.811847731306563,5.0
2.0,0.9328644272164679,6.816643118657008,4.0
2.584962500721156,1.6904275486418114,6.3809170016818975,6.0
2.584962500721156,1.5259969360942878,6.468297628625438,6.0
2.321928094887362,1.002243673947672,6.740718099583906,5.0
2.321928094887362,0.6550161554057891,7.034537994952619,5.0
3.169925001442312,1.8539243987517795,4.052329587801749,9.0
3.169925001442312,2.0113457588513755,6.084223405625058,9.0
2.584962500721156,1.1196361573117557,6.6322202397618355,6.0
3.0,1.7666044637146137,6.241083822141333,8.0
2.321928094887362,1.5274385999479234,6.391446567691273,5.0
2.584962500721156,1.7381933048113385,6.255194799775374,6.0
2.807354922057604,0.9903290917464279,6.918929296214562,7.0
2.584962500721156,1.0422306734761044,6.882048009987406,6.0
2.807354922057604,0.7331183839465989,7.104212435841731,7.0
2.807354922057604,0.8658918775569842,6.860107368085214,7.0
3.169925001442312,2.575346696927551,5.817387533825341,9.0
3.0,2.569160382728091,5.810405970628431,8.0
2.807354922057604,1.6126439089416413,6.339143404289545,7.0
2.584962500721156,2.170661414171171,6.084223405625058,6.0
2.0,1.5495301205391405,6.575919558609358,4.0
2.807354922057604,2.0439785939560937,6.213052005166685,7.0
3.0,2.261290265058355,6.068969946757932,8.0
3.0,2.1427321110484225,6.142113257248512,8.0
2.321928094887362,1.682010657644853,6.324651567637021,5.0
2.584962500721156,1.8447254852831891,6.297913203286036,6.0
2.584962500721156,1.7382772199545047,6.2713999676504395,6.0
2.584962500721156,2.1609824693631228,6.175409151819055,6.0
2.807354922057604,1.9971638198816344,6.249139432108603,7.0
2.321928094887362,1.3959683610463738,6.614099419434617,5.0
2.584962500721156,1.6557281681874891,6.522762916842223,6.0
2.321928094887362,1.8858735811904168,6.285648523240687,5.0
2.321928094887362,1.1190888221928914,6.82866117775196,5.0
1.584962500721156,0.8525063535971105,6.901668959410035,3.0
2.321928094887362,1.4348976206873665,6.485627294073864,5.0
2.321928094887362,1.4782486060189712,6.492149882703506,5.0
2.0,1.2284488540295877,6.607329614501726,4.0
2.0,0.6663475574661972,7.096402748297749,4.0
2.584962500721156,1.6405866439858416,6.364141669439553,6.0
2.584962500721156,0.9819612241333734,6.698748910447789,6.0
3.169925001442312,1.7546897601807607,6.197146592033459,9.0
2.321928094887362,0.555514160293095,7.0499028394992935,5.0
2.807354922057604,0.6268887116430226,7.119883492685499,7.0
2.807354922057604,0.86003805157971,6.833480275266252,7.0
3.0,1.4886628366663404,6.383020138465577,8.0
3.0,1.7218049796229835,6.267340809095327,8.0
3.0,1.8424768863104841,6.249139432108603,8.0
2.807354922057604,1.4143722022299854,6.442476081205775,7.0
2.584962500721156,1.9915262997377279,6.2390731636934795,6.0
2.807354922057604,2.2680001087902144,6.072776136752762,7.0
2.807354922057604,2.082653910404512,6.169507199778452,7.0
2.807354922057604,2.1956283973873556,6.061371862317546,7.0
2.321928094887362,1.5363710675574558,6.423244809321579,5.0
2.0,1.6376269597838424,6.446765346239866,4.0
2.584962500721156,1.9356489495642089,6.293819662042431,6.0
2.321928094887362,1.9269897716763507,6.324651567637021,5.0
2.584962500721156,1.8781923001180274,6.3287853268315555,6.0
2.584962500721156,1.6489138008842956,6.4296424635141305,6.0
2.584962500721156,1.8351171403231417,6.41473438228041,6.0
2.0,1.349793620515815,6.620883111146858,4.0
2.0,0.6906059927936697,7.070494012451463,4.0
1.584962500721156,0.1903412470522987,7.428493709284449,3.0
2.584962500721156,1.3959932496310083,6.551448951320893,6.0
2.321928094887362,1.3972287465445663,6.629949709039562,5.0
2.584962500721156,1.6225608382489813,6.397781004329223,6.0
2.321928094887362,0.5154986407336503,7.177940363270778,5.0
2.584962500721156,1.596925338307358,6.395668130813924,6.0
2.0,0.7930730651286191,6.916458250037342,4.0
2.321928094887362,0.9537345931373248,6.7951168772296695,5.0
3.0,1.7750904055420123,6.2734315193082475,8.0
2.321928094887362,0.555514160293095,7.0499028394992935,5.0
2.807354922057604,0.6287547162966378,7.088610212336954,7.0
3.0,0.8243270231726139,6.894298006445197,8.0
3.0,1.9755624249647845,6.169507199778452,8.0
3.169925001442312,1.7847305594638807,6.227036366593105,9.0
3.321928094887362,2.283650300607211,6.033047694736623,10.0
3.169925001442312,1.6590584109715354,6.343296134983478,9.0
2.807354922057604,2.1304115778903925,6.1401658529183765,7.0
2.584962500721156,1.9737583651825898,6.341219089752639,6.0
2.321928094887362,1.7398001889134072,6.416859874123446,5.0
2.321928094887362,1.5446520730127264,6.455361033368186,5.0
2.0,1.2812672721996616,6.698748910447789,4.0
2.584962500721156,1.9568056804166614,6.2713999676504395,6.0
2.584962500721156,2.0560655640913894,6.16361651817459,6.0
2.584962500721156,2.131602497444754,6.153823673372914,6.0
2.584962500721156,1.7243289484593207,6.418986774976652,6.0
2.321928094887362,1.273549256033289,6.625413308280725,5.0
2.321928094887362,1.5936872829728805,6.535971346643455,5.0
2.0,1.3141467016804604,6.625413308280725,4.0
2.0,1.1198998141666603,6.771357727309286,4.0
2.584962500721156,1.075089890464821,6.750116103208281,6.0
2.321928094887362,1.1634181582004512,6.705707444634543,5.0
2.321928094887362,1.71734988519325,6.412610298047867,5.0
2.584962500721156,1.8264440143833827,6.297913203286036,6.0
2.0,0.6038963963505323,7.135623839390036,4.0
2.321928094887362,1.291432977134143,6.634492326174909,5.0
1.584962500721156,0.0344463541573332,7.734058746048147,3.0
2.0,0.3353599709065443,7.341199052351994,4.0
2.584962500721156,1.5129353412603672,6.52936045182217,6.0
2.0,0.1582377980477163,7.553074532022059,4.0
3.169925001442312,1.2917373232047022,6.540386052044768,9.0
2.807354922057604,1.3847114903642954,6.589344368868513,7.0
3.0,0.8243270231726139,6.894298006445197,8.0
3.0,0.8243270231726139,6.894298006445197,8.0
3.0,1.9874997666916856,6.153823673372914,8.0
3.0,2.1555704477857596,6.089963239026591,8.0
3.321928094887362,2.57438728495842,5.824385894768288,10.0
3.321928094887362,2.4229706007786387,5.729610384646319,10.0
3.321928094887362,2.6022209646922585,5.748317928199632,10.0
2.584962500721156,1.6582614640945137,6.372518295526344,6.0
2.321928094887362,1.5271471160062258,6.50742039654051,5.0
1.584962500721156,0.8416369441437069,6.918929296214562,3.0
2.321928094887362,1.6192367142172703,6.35787363759178,5.0
2.584962500721156,1.8114806922570714,6.221035367845988,6.0
2.584962500721156,1.9586838500069315,6.2310434685021105,6.0
2.584962500721156,1.9257246331301705,6.275464387590589,6.0
2.807354922057604,1.7738129975646362,6.406246477044181,7.0
2.584962500721156,1.4294676791979894,6.627680732410869,6.0
2.0,0.9759973023893369,6.941248422976544,4.0
2.0,1.1273611839446411,6.811847731306563,4.0
2.321928094887362,1.5729626904835252,6.573687406688581,5.0
2.0,0.8398693318884346,6.9737425639555495,4.0
1.584962500721156,0.6062396015917131,7.140886098858614,3.0
2.0,1.216453424845051,6.747764146377895,4.0
2.321928094887362,1.526104179585947,6.442476081205775,5.0
2.807354922057604,1.2681654803128268,6.7150080097449925,7.0
2.321928094887362,1.4727392306414235,6.513986915608664,5.0
2.321928094887362,0.7955813754266406,6.928831162828107,5.0
2.807354922057604,1.4607074061820349,6.494326995340228,7.0
2.584962500721156,1.5560679478400408,6.57815322693769,6.0
2.807354922057604,1.7101076966640953,6.399895274324044,7.0
3.0,1.3831301660107975,6.598324735981111,8.0
3.0,1.229166379419724,6.57815322693769,8.0
2.584962500721156,1.9888533801560997,6.144061897241294,6.0
3.0,2.005681154716682,6.080402857175686,8.0
3.169925001442312,2.153225988354025,6.0424596256176475,9.0
3.321928094887362,2.4441547027422463,5.763715208364452,10.0
2.807354922057604,2.1086725167693197,6.153823673372914,7.0
2.321928094887362,1.698790836663041,6.402010942183325,5.0
2.807354922057604,2.0388020913707243,6.185270871959298,7.0
2.0,1.4517464854765432,6.524960613242776,4.0
2.321928094887362,1.5293499197171692,6.474785389536796,5.0
2.807354922057604,1.9928926328210186,6.205089106089253,7.0
2.584962500721156,2.142888389392482,6.159695642526895,6.0
2.584962500721156,1.9141351246489513,6.3287853268315555,6.0
2.584962500721156,1.9522778085378578,6.30611628137563,6.0
2.321928094887362,1.6065428507416395,6.483456009408958,5.0
2.321928094887362,1.3682796181402093,6.593831494758106,5.0
2.321928094887362,1.728769512647589,6.374615898651929,5.0
2.321928094887362,1.9167110786246286,6.207077916700179,5.0
2.0,1.029635203163372,6.792733461979853,4.0
2.0,0.8824894775988826,6.913988968262963,4.0
2.321928094887362,1.5990690741350764,6.455361033368186,5.0
2.321928094887362,1.7028678663754466,6.370422072402816,5.0
2.0,0.7265328187360331,6.988842692206625,4.0
2.584962500721156,1.518123307022767,6.551448951320893,6.0
2.584962500721156,1.3464160232729272,6.593831494758106,6.0
2.584962500721156,1.9463071263454046,6.297913203286036,6.0
2.807354922057604,1.5803687645192768,6.611841276922007,7.0
3.0,1.7488497652965966,6.35996160922974,8.0
3.0,0.6523447788105945,7.083424689138464,8.0
2.807354922057604,0.5637359087997805,7.122502059619183,7.0
2.807354922057604,0.5637359087997805,7.122502059619183,7.0
3.169925001442312,2.173405676723586,5.986424451346077,9.0
3.0,1.8867838938159307,6.195164139508816,8.0
2.807354922057604,2.0447633944524712,6.1773789792997,7.0
3.169925001442312,2.224282067526423,6.088048758284992,9.0
2.584962500721156,2.0095303077026143,6.219037604400951,6.0
2.584962500721156,1.9484063826388438,6.235055730877193,6.0
2.584962500721156,1.7201630758966349,6.433914651197528,6.0
2.584962500721156,1.9502352336536308,6.2370638003557355,6.0
2.321928094887362,1.6525178424567064,6.395668130813924,5.0
2.321928094887362,1.7982048094621546,6.279534079151933,5.0
2.584962500721156,1.871393097910476,6.2370638003557355,6.0
2.321928094887362,1.527125526020149,6.589344368868513,5.0
2.584962500721156,1.8671373260456527,6.4104876200279906,6.0
2.321928094887362,1.424509009332998,6.591587168177182,5.0
2.584962500721156,1.7222000991761464,6.4104876200279906,6.0
2.584962500721156,1.9624161031938798,6.332924493166958,6.0
2.807354922057604,2.2755020204216616,6.050010340551252,7.0
2.0,1.0492487105752188,6.768990947257797,4.0
2.0,0.7562671457670029,6.9487201650895445,4.0
2.0,1.2383661685183462,6.6664657831685235,4.0
2.0,1.1644590133000514,6.731346228746805,4.0
2.0,0.5445195099164073,7.112039331657936,4.0
2.584962500721156,1.8697004202550929,6.3287853268315555,6.0
2.584962500721156,1.5590088144792116,6.540386052044768,6.0
3.0,2.210842271944066,6.136274746547706,8.0
2.584962500721156,1.6359293874790493,6.52936045182217,6.0
2.0,0.8980038044505173,6.90905569036909,4.0
2.584962500721156,0.8027613618721985,6.968723677619489,6.0
2.807354922057604,0.5637359087997805,7.122502059619183,7.0
2.807354922057604,0.5637359087997805,7.122502059619183,7.0
2.584962500721156,1.7719495404327819,6.25115658492723,6.0
3.169925001442312,2.1003773623143704,6.044345536861598,9.0
3.321928094887362,2.346210588160552,5.913307816825819,10.0
3.169925001442312,2.257387287292302,5.990127776091728,9.0
3.169925001442312,2.29912977141214,6.031168825943494,9.0
3.0,2.123298420997658,6.084223405625058,8.0
2.584962500721156,1.8449218876158515,6.285648523240687,6.0
2.807354922057604,1.9510307362687904,6.183296008973358,7.0
2.584962500721156,1.8889425973389165,6.267340809095327,6.0
3.0,2.244641042638957,5.969815998799186,8.0
2.321928094887362,1.519772120402163,6.527159791069956,5.0
1.584962500721156,0.9703542566361647,6.976254719057838,3.0
2.321928094887362,1.8003602242338388,6.393556652395034,5.0
2.321928094887362,1.6615124812756168,6.555884597191794,5.0
2.321928094887362,1.758764012113904,6.393556652395034,5.0
2.584962500721156,1.7164337170112116,6.402010942183325,6.0
2.584962500721156,2.106999898582,6.213052005166685,6.0
2.0,1.6590310064413294,6.442476081205775,4.0
1.584962500721156,0.7202792787642047,6.998945825841908,3.0
1.584962500721156,0.9550182137371844,6.85040081362029,3.0
2.0,1.1084941857562933,6.7642623472247845,4.0
2.321928094887362,1.0829864624864063,6.860107368085214,5.0
2.321928094887362,1.2944303454888815,6.643596260756281,5.0
2.321928094887362,1.3267344039215903,6.641317935563977,5.0
3.321928094887362,2.1833605277245822,6.091878924222888,10.0
2.807354922057604,1.7645111678621543,6.442476081205775,7.0
2.584962500721156,1.443551260482532,6.5381779541203775,6.0
3.169925001442312,0.9526351325675001,6.811847731306563,9.0
3.169925001442312,1.6298149122303816,6.431777847925791,9.0
2.807354922057604,0.9727863553147293,6.799888728969297,7.0
2.321928094887362,1.43305484707555,6.498685604061933,5.0
2.0,0.44622159565995323,7.2423646597249665,4.0
2.584962500721156,1.5319184259475291,6.41473438228041,6.0
2.584962500721156,1.554207426298127,6.391446567691273,6.0
3.321928094887362,1.8981600141122352,6.205089106089253,10.0
2.807354922057604,1.9155392107533484,6.22503474770317,7.0
3.0,1.5986587561159604,6.4211150862415645,8.0
2.584962500721156,1.4385670065401346,6.531562596999851,6.0
2.807354922057604,1.184905031726785,6.680263228735619,7.0
2.584962500721156,1.173486690500735,6.717337183525688,6.0
2.321928094887362,1.2771849915591753,6.719667973665704,5.0
2.321928094887362,1.3632611893343443,6.600573653750702,5.0
2.584962500721156,1.3182756071719783,6.555884597191794,6.0
2.584962500721156,1.5230684144975146,6.433914651197528,6.0
2.321928094887362,1.7446251340058418,6.343296134983478,5.0
2.0,1.3465838966062607,6.564773932238833,4.0
2.0,1.1166005396036756,6.78797164392028,4.0
2.321928094887362,1.9887211999230785,6.376714883142759,5.0
2.0,1.6868301882417163,6.527159791069956,4.0
2.0,0.8382047132471185,6.906591690479515,4.0
2.321928094887362,1.2299566399814406,6.620883111146858,5.0
2.0,1.1135806141250204,6.747764146377895,4.0
2.584962500721156,1.4580005439002377,6.569227645897069,6.0
2.321928094887362,1.3225229130937872,6.611841276922007,5.0
2.0,0.45844438658448855,7.2019647081087985,4.0
2.807354922057604,2.027587164389044,6.223034415200694,7.0
2.321928094887362,1.014655932342086,6.963712010105919,5.0
1.584962500721156,0.5764870025724245,7.169967826769551,3.0
2.321928094887362,1.0338658430911516,6.882048009987406,5.0
2.584962500721156,1.7169556394127432,6.362050952728173,6.0
2.321928094887362,0.5091004790117352,7.175280881846818,5.0
2.584962500721156,1.8626591938104873,6.334996107328936,6.0
2.807354922057604,1.2260313185000389,6.639041172473281,7.0
3.169925001442312,1.977744385720352,6.189224384820888,9.0
2.807354922057604,1.8436794753039163,6.295865767264162,7.0
3.0,2.0397005346848394,6.181322406672377,8.0
3.169925001442312,1.7660856411934234,6.324651567637021,9.0
2.321928094887362,1.3830862799419086,6.58710309527366,5.0
3.0,1.7117228423013584,6.383020138465577,8.0
2.321928094887362,1.5647868745251572,6.524960613242776,5.0
2.584962500721156,1.2804085111264183,6.629949709039562,6.0
3.169925001442312,1.5299185775798652,6.542595641927217,9.0
2.584962500721156,1.1880275350583496,6.731346228746805,6.0
2.321928094887362,0.9579045137138924,6.931311059450451,5.0
2.584962500721156,1.0939222291474584,6.7975019656386655,6.0
2.0,1.091958987471509,6.778468008437018,4.0
2.321928094887362,1.3232008225425091,6.629949709039562,5.0
2.0,1.1429727004875077,6.701066816645176,4.0
2.0,1.1045803190206254,6.738372686188086,4.0
2.0,1.6134725844574596,6.531562596999851,4.0
2.321928094887362,1.740499757832526,6.44891212124694,5.0
1.584962500721156,0.7401139126172681,6.966216942483655,3.0
1.584962500721156,0.9048318681551217,6.833480275266252,3.0
2.0,1.5622022696234312,6.472621356986818,4.0
2.321928094887362,1.4685032760602164,6.457513537880813,5.0
2.321928094887362,1.186947798443059,6.696432607228409,5.0
2.321928094887362,0.8625544653330868,6.894298006445197,5.0
2.0,1.4910636618198823,6.5381779541203775,4.0
1.584962500721156,0.8906023990713097,6.9737425639555495,3.0
2.0,1.3862645004172556,6.549233378459438,4.0
2.807354922057604,0.9060565685539943,6.941248422976544,7.0
2.321928094887362,1.1267253997286282,6.677959689691227,5.0
2.321928094887362,0.7830453224443762,6.921402108686404,5.0
2.321928094887362,0.8780391916539896,6.882048009987406,5.0
2.584962500721156,1.6904653456154402,6.4296424635141305,6.0
3.169925001442312,1.9400994247656398,6.219037604400951,9.0
2.807354922057604,2.278630022058599,6.13044732513598,7.0
3.169925001442312,2.4960250025354407,4.951696011277054,9.0
2.321928094887362,0.9730264400754559,6.872279311605593,5.0
2.321928094887362,1.29288016374419,6.698748910447789,5.0
2.321928094887362,1.043965275401776,6.809452566844079,5.0
2.0,1.1246343933959453,6.761900523779525,4.0
2.584962500721156,1.5995048745265192,6.531562596999851,6.0
2.0,1.0749627264337154,6.7760962561597475,4.0
2.0,1.326422614103481,6.6458761496583945,4.0
2.321928094887362,1.196340178295337,6.671058594593372,5.0
2.321928094887362,1.1958228420884203,6.623147435056279,5.0
2.0,1.6266563659608528,6.459667478353756,4.0
2.0,1.4713025255263064,6.562549339242481,4.0
2.0,1.4371661498689388,6.600573653750702,4.0
2.0,1.100107251337626,6.722000381848163,4.0
2.0,1.4022616862321122,6.513986915608664,4.0
1.584962500721156,1.029828246516003,6.814244581317579,3.0
2.0,1.4347994300401246,6.69411790532477,4.0
2.0,0.8505882588879075,6.976254719057838,4.0
2.0,1.4453580424458787,6.527159791069956,4.0
2.321928094887362,1.3126053680834533,6.639041172473281,5.0
2.0,1.1689719883038507,6.745413827970937,4.0
3.0,1.6892873674203404,6.418986774976652,8.0
2.807354922057604,1.211330833759628,6.616359104921271,7.0
3.0,1.1468724040731324,6.636765969878191,8.0
2.584962500721156,1.2789941757240915,6.655011374606378,6.0
2.807354922057604,1.9966577285225813,6.362050952728173,7.0
3.0,2.1317353338558167,5.002863110334425,8.0
3.0,2.1317353338558167,5.002863110334425,8.0
2.321928094887362,0.9474462537340468,6.872279311605593,5.0
2.0,1.1500681965468047,6.717337183525688,4.0
2.584962500721156,1.2533408564438013,6.625413308280725,6.0
2.0,0.8283064338197081,6.894298006445197,4.0
1.584962500721156,0.2209598721004984,7.369133599735373,3.0
2.0,1.2071784326095014,6.69411790532477,4.0
2.0,0.8084097651730842,7.006542366173864,4.0
2.0,1.392556482358306,6.569227645897069,4.0
2.0,0.9988653579390817,6.7975019656386655,4.0
2.0,1.1467427065054348,6.733686752470292,4.0
1.584962500721156,0.8259794981419072,7.014155414742687,3.0
2.0,1.581038075618216,6.513986915608664,4.0
2.321928094887362,1.537428004946244,6.4296424635141305,5.0
2.321928094887362,1.1511784280554302,6.698748910447789,5.0
2.321928094887362,1.2732028851518333,6.7150080097449925,5.0
2.321928094887362,1.2728129405067758,6.7595403490766355,5.0
2.0,1.2268105743005275,6.589344368868513,4.0
2.584962500721156,1.9024721207697104,6.263286901715576,6.0
2.584962500721156,1.746349091015325,6.485627294073864,6.0
2.584962500721156,1.8190188268432546,6.374615898651929,6.0
2.321928094887362,1.721191328225701,6.406246477044181,5.0
2.584962500721156,1.1045063586287218,6.717337183525688,6.0
2.584962500721156,2.234399709882483,6.122694625388732,6.0
2.584962500721156,1.4311838107462003,6.664171748143344,6.0
2.807354922057604,1.9076659875868422,6.337069077259345,7.0
2.321928094887362,2.145386827130845,5.5955166426190575,5.0
1.0,0.12157876602796117,7.474366306485742,2.0
2.0,0.6026192960860883,7.0319836964795055,4.0
1.584962500721156,0.2616650209060306,7.32177054824369,3.0
1.584962500721156,0.3411322220251512,7.302444607882564,3.0
1.0,0.3279573292689432,7.391634771032274,2.0
2.321928094887362,1.0260573335673269,6.811847731306563,5.0
1.584962500721156,0.5127616285335106,7.223455091422812,3.0
2.0,1.0982734828341423,6.7524697001759275,4.0
1.584962500721156,0.49957864990332,7.199287397808386,3.0
1.584962500721156,0.7033530657340542,7.006542366173864,3.0
1.584962500721156,0.4415200704979808,7.2153811848377645,3.0
1.584962500721156,0.7274875876359359,6.93379273186701,3.0
1.584962500721156,0.7564751321657337,6.906591690479515,3.0
1.584962500721156,0.36396340577075115,7.2722805482931125,3.0
1.584962500721156,0.16744425598372936,7.422799195133982,3.0
1.584962500721156,0.665543134912035,7.06275824219714,3.0
2.321928094887362,1.5389452353044415,6.494326995340228,5.0
2.584962500721156,1.4234752327482565,6.498685604061933,6.0
2.584962500721156,1.6676462646747674,6.35996160922974,6.0
2.0,0.5966763359651622,7.104212435841731,4.0
2.0,1.1061577712647463,6.661879291401637,4.0
2.584962500721156,1.923481104569562,6.227036366593105,6.0
2.321928094887362,1.1415140423564452,6.7290073315165255,5.0
2.321928094887362,1.4201271302594995,6.500867103089815,5.0
2.807354922057604,2.1021786926399697,6.153823673372914,7.0
1.0,0.7124663246543601,6.968723677619489,2.0
1.0,0.1401697950009077,7.4427682936604755,2.0
1.584962500721156,0.8851632286229861,6.785593237597953,3.0
2.0,0.9430968727280727,6.757181821390286,4.0
2.0,1.0831053561500728,6.750116103208281,4.0
1.584962500721156,0.7057042521515262,7.091205822081494,3.0
1.584962500721156,0.4614509064767255,7.338417241418931,3.0
2.0,0.5921578751372848,7.154075766569841,4.0
2.0,0.8599405577809791,6.938761411717865,4.0
2.0,0.9014565574372421,6.9487201650895445,4.0
2.0,0.7566052817304723,7.021785025418622,4.0
1.584962500721156,0.3555592123771077,7.296941635306918,3.0
1.0,0.4679713756579168,7.185930649389447,2.0
2.0,0.5912674728486569,7.065334950786049,4.0
2.0,0.857117493693644,6.9737425639555495,4.0
1.584962500721156,0.8535512528138519,6.882048009987406,3.0
2.0,1.034369510220341,6.857678151595099,4.0
2.584962500721156,1.3667411055500729,6.636765969878191,6.0
2.0,0.8415247434450986,7.042212036401658,4.0
2.0,0.85886801163693,7.014155414742687,4.0
2.0,0.7081567022659764,7.052470174837786,4.0
2.0,0.4026977582570078,7.280482368460361,4.0
2.0,0.41471762442978766,7.280482368460361,4.0
2.321928094887362,1.3206378103547478,6.575919558609358,5.0
2.0,0.7318871199879738,7.055039380730259,4.0
2.321928094887362,0.8915612644261877,6.916458250037342,5.0
2.321928094887362,0.2731266067719863,7.360730938846278,5.0
2.321928094887362,0.2731266067719863,7.360730938846278,5.0
1.584962500721156,0.5833462526978497,7.099004068953284,3.0
1.584962500721156,0.3138001980621349,7.280482368460361,3.0
1.584962500721156,0.4435380592728439,7.177940363270778,3.0
2.0,0.5814121205591846,7.047337372672693,4.0
2.0,1.4157577865055304,6.492149882703506,4.0
2.0,1.2701120997163122,6.655011374606378,4.0
1.584962500721156,0.557941222351002,7.159365286545124,3.0
1.0,0.29507615806463294,7.46284512528114,2.0
1.584962500721156,0.08945308914573832,7.509144280769507,3.0
2.0,0.8868501124549284,6.921402108686404,4.0
1.584962500721156,0.5823069967948958,7.138253999301348,3.0
2.321928094887362,1.3849417220356781,6.511796603935629,5.0
1.584962500721156,0.25147949791661095,7.352347418414791,3.0
1.584962500721156,0.8029254857706696,6.926353040094621,3.0
1.584962500721156,0.08382555888833947,7.52373080812143,3.0
1.584962500721156,0.1565052301480916,7.434196967410579,3.0
1.584962500721156,0.6582856579819186,7.080834771519034,3.0
2.0,1.2479441947244154,6.745413827970937,4.0
2.0,1.1896205826238229,6.761900523779525,4.0
2.0,1.1629259815732673,6.771357727309286,4.0
1.584962500721156,0.78181101057622,7.088610212336954,3.0
2.0,1.0580703340899105,6.768990947257797,4.0
2.0,0.7182727541005259,6.9487201650895445,4.0
2.807354922057604,0.5234963945226915,7.106819486276903,7.0
2.321928094887362,0.598337539624008,7.078246747114239,5.0
2.0,0.7267966508139809,6.978768684722364,4.0
2.321928094887362,0.6962984993785514,7.047337372672693,5.0
1.584962500721156,0.812224360303111,6.771357727309286,3.0
2.321928094887362,0.8689082796209207,6.9913657401099485,5.0
2.321928094887362,0.2731266067719863,7.360730938846278,5.0
2.0,0.28368325912986486,7.3495571537398705,4.0
2.0,1.1332877589422434,6.639041172473281,4.0
2.0,1.0294465100423453,6.712680450642828,4.0
2.321928094887362,1.0714966302957003,6.757181821390286,5.0
2.0,0.9615484667164773,6.7524697001759275,4.0
2.321928094887362,1.1303571642390489,6.6664657831685235,5.0
2.0,0.7330772709671812,6.968723677619489,4.0
1.584962500721156,0.6721938391721769,7.03965216288788,3.0
1.584962500721156,0.30017713421808245,7.327311048091017,3.0
1.584962500721156,0.3138155939377679,7.32177054824369,3.0
2.0,0.415262578766493,7.258651836620899,4.0
1.584962500721156,0.3962579285061203,7.305199207885537,3.0
2.321928094887362,1.250031497431924,6.593831494758106,5.0
2.0,0.6878265361656836,7.070494012451463,4.0
2.0,1.0786372515261615,6.747764146377895,4.0
2.0,0.9158408092129011,6.877160191798494,4.0
1.584962500721156,0.5584285909532978,7.148794056886142,3.0
1.584962500721156,0.5440518822583995,7.164662634148931,3.0
2.0,0.6068550279251248,7.096402748297749,4.0
2.0,1.027313605976039,6.847978465383507,4.0
2.321928094887362,1.0553102948251019,6.771357727309286,5.0
2.0,0.7186173672695394,7.03965216288788,4.0
2.0,1.001608099450703,6.799888728969297,4.0
2.321928094887362,1.8003729429327378,6.281570904996614,5.0
2.0,0.2436484366773902,7.506233759730449,4.0
2.321928094887362,0.35874072179268385,7.247785591356497,5.0
2.584962500721156,0.5550062379823704,7.083424689138464,6.0
1.584962500721156,0.812224360303111,6.771357727309286,3.0
1.584962500721156,0.812224360303111,6.771357727309286,3.0
1.0,0.06489890033180626,7.654578300436585,2.0
2.0,0.24891381680365254,7.385996605684423,4.0
2.0,0.24891381680365254,7.385996605684423,4.0
2.321928094887362,0.7443981223508178,6.988842692206625,5.0
2.0,0.4847198184946675,7.169967826769551,4.0
2.0,0.7586196186719019,6.916458250037342,4.0
2.0,0.9731085859458366,6.790351718129228,4.0
2.321928094887362,1.1415657411379236,6.641317935563977,5.0
2.0,0.7171929047628707,6.986321464684185,4.0
2.0,0.6744767695274995,7.091205822081494,4.0
2.0,0.78366491490211,7.0499028394992935,4.0
1.584962500721156,0.883685759448339,6.852824876187035,3.0
2.0,0.34132993481904683,7.296941635306918,4.0
2.0,0.8014676259707927,6.988842692206625,4.0
3.0,1.6052357136010498,6.4211150862415645,8.0
2.321928094887362,1.2108517515547563,6.708030169762576,5.0
2.0,0.9962387282705196,6.901668959410035,4.0
2.321928094887362,0.8743515655038427,6.9913657401099485,5.0
2.0,0.9112554134686547,6.860107368085214,4.0
2.321928094887362,1.5127557468016253,6.567000033945256,5.0
2.321928094887362,1.0402857186170575,6.8310698765800915,5.0
2.0,0.8918456692470998,6.956208010095028,4.0
2.0,1.0163551005647602,6.799888728969297,4.0
2.321928094887362,1.3176183309395897,6.636765969878191,5.0
2.0,1.2684610269344296,6.664171748143344,4.0
2.321928094887362,1.278339129822183,6.65272521473877,5.0
2.321928094887362,0.8999495181712522,6.886942780976017,5.0
2.321928094887362,0.5163567385202164,7.2019647081087985,5.0
2.584962500721156,0.6980351393864163,7.019239978290888,6.0
2.0,0.5490100112080093,7.078246747114239,4.0
1.0,0.06489890033180626,7.654578300436585,2.0
1.0,0.06489890033180626,7.654578300436585,2.0
1.0,0.06489890033180626,7.654578300436585,2.0
2.584962500721156,0.6320947427761008,7.075660613848944,6.0
2.0,0.5243705357462012,7.180601816872287,4.0
2.321928094887362,0.6909928417878942,6.963712010105919,5.0
1.584962500721156,0.4176414977484422,7.172623370409096,3.0
2.321928094887362,1.4783785974768155,6.489974229257561,5.0
2.584962500721156,1.636751020177464,6.35996160922974,6.0
2.0,1.242114946307053,6.634492326174909,4.0
2.321928094887362,1.3475277629259856,6.596077350171853,5.0
2.321928094887362,1.339163378748229,6.611841276922007,5.0
2.0,0.7171929047628707,7.0319836964795055,4.0
2.321928094887362,1.2680132490930347,6.677959689691227,5.0
2.321928094887362,1.2382360362326905,6.6664657831685235,5.0
2.321928094887362,1.7016750208555322,6.387230573913113,5.0
2.0,1.3508732406518242,6.591587168177182,4.0
2.0,0.8463675836484776,6.968723677619489,4.0
2.321928094887362,1.2834736561494322,6.655011374606378,5.0
2.321928094887362,1.1953397388302334,6.731346228746805,5.0
2.321928094887362,1.27023979753199,6.698748910447789,5.0
2.321928094887362,1.1296156260580212,6.738372686188086,5.0
2.0,0.9018180400154966,6.904129447452606,4.0
2.321928094887362,1.443751195319233,6.562549339242481,5.0
2.321928094887362,1.24440226949509,6.691804803076904,5.0
2.0,1.538298110715817,6.474785389536796,4.0
2.321928094887362,1.191206916641531,6.623147435056279,5.0
2.0,0.4122537769664575,7.258651836620899,4.0
2.584962500721156,0.7328209368741752,6.95121432164557,6.0
2.321928094887362,0.4412285985694716,7.164662634148931,5.0
2.321928094887362,0.628637594566364,7.060183412360393,5.0
2.321928094887362,0.628637594566364,7.060183412360393,5.0
2.321928094887362,0.8561814268658254,6.87471888537613,5.0
2.0,0.757612547380733,6.906591690479515,4.0
1.0,0.4310315646807007,7.188598032703994,2.0
2.321928094887362,1.8141829849857873,6.279534079151933,5.0
3.0,2.1655109824732337,6.0124443030439485,8.0
2.584962500721156,1.8446493774153445,6.235055730877193,6.0
2.584962500721156,1.3191208397997602,6.641317935563977,6.0
3.0,1.5256545139120734,6.500867103089815,8.0
2.807354922057604,1.351393496885705,6.661879291401637,7.0
2.584962500721156,1.5351477498220296,6.483456009408958,6.0
2.584962500721156,1.5054434791308977,6.468297628625438,6.0
2.584962500721156,1.7354962811611132,6.3537018044962466,6.0
2.321928094887362,1.6224003518331833,6.38933787532318,5.0
2.321928094887362,1.5749030394376933,6.374615898651929,5.0
2.807354922057604,1.6109742255443256,6.387230573913113,7.0
2.321928094887362,1.0324982276877732,6.750116103208281,5.0
2.321928094887362,1.0154418801135277,6.901668959410035,5.0
2.0,1.2014290402507901,6.745413827970937,4.0
2.0,1.0278982816538982,6.90905569036909,4.0
2.321928094887362,1.3278882434605563,6.634492326174909,5.0
2.321928094887362,0.9808105411564715,6.750116103208281,5.0
2.0,0.7659889790611107,6.943737217678222,4.0
2.0,0.46809142747124555,7.191267396993895,4.0
2.321928094887362,0.5217023573282605,7.114652130824599,5.0
2.0,0.6365928075748775,7.024331918790192,4.0
2.0,0.7984417636685966,6.943737217678222,4.0
2.321928094887362,0.628637594566364,7.060183412360393,5.0
2.0,0.2998182782925151,7.319003439192955,4.0
2.0,0.567772843679016,7.117266850461066,4.0
1.584962500721156,0.18664730794753906,7.52373080812143,3.0
2.584962500721156,1.5412770961888382,6.4104876200279906,6.0
2.321928094887362,1.235344464338544,6.596077350171853,5.0
2.0,0.6962674135847533,6.956208010095028,4.0
2.321928094887362,0.9774418374547693,6.78797164392028,5.0
2.584962500721156,1.0620038881756027,6.821445262453173,6.0
2.321928094887362,1.1893919963085353,6.740718099583906,5.0
2.584962500721156,1.6968665465038884,6.3287853268315555,6.0
2.321928094887362,1.790492319290397,6.334996107328936,5.0
2.321928094887362,1.2500767400728394,6.6664657831685235,5.0
2.0,1.0248422943333453,6.792733461979853,4.0
2.584962500721156,1.5141765327248802,6.509607764741028,6.0
2.321928094887362,0.9212973130410194,6.906591690479515,5.0
2.0,0.7527672873214506,7.096402748297749,4.0
2.584962500721156,1.310653180038208,6.696432607228409,6.0
2.321928094887362,1.4417150019427039,6.567000033945256,5.0
2.807354922057604,2.0970011171232152,6.16361651817459,7.0
2.807354922057604,1.499825964303971,6.463979672932096,7.0
2.584962500721156,1.7177783798919508,6.3809170016818975,6.0
2.321928094887362,1.2794080016198304,6.553666023724047,5.0
2.321928094887362,0.8546941017009588,6.82866117775196,5.0
2.584962500721156,1.2756189033923184,6.600573653750702,6.0
2.584962500721156,0.8273582878683465,6.913988968262963,6.0
1.584962500721156,0.558794956970869,7.223455091422812,3.0
2.0,0.7661665866805382,7.026880660415297,4.0
2.321928094887362,1.0549968486312118,6.814244581317579,5.0
2.321928094887362,0.7114298196702137,7.021785025418622,5.0
2.321928094887362,0.6567159343348922,7.019239978290888,5.0
1.584962500721156,0.11706966112087692,7.526654916480591,3.0
2.0,0.5855889834918387,7.044773772318865,4.0
2.584962500721156,0.9461765375767055,6.785593237597953,6.0
2.321928094887362,1.3026205461687896,6.558104673249089,5.0
2.321928094887362,1.4508832670746943,6.479117798629829,5.0
2.321928094887362,0.6638485418524235,7.091205822081494,5.0
2.321928094887362,1.0725693966339513,6.745413827970937,5.0
2.584962500721156,1.114912509654352,6.773726163030625,6.0
2.321928094887362,1.018542353078508,6.754824938997056,5.0
2.0,1.1795206750518672,6.69411790532477,4.0
2.584962500721156,1.418113555499783,6.573687406688581,6.0
2.321928094887362,1.2330799387600313,6.69411790532477,5.0
2.0,1.2883401317197496,6.627680732410869,4.0
2.321928094887362,1.6085852012914261,6.433914651197528,5.0
2.807354922057604,1.5453987773205315,6.476950869600187,7.0
2.0,0.46521150364648023,7.2423646597249665,4.0
2.321928094887362,1.1817665149093781,6.773726163030625,5.0
2.584962500721156,1.5392602572867322,6.483456009408958,6.0
2.584962500721156,1.4431717456836208,6.50742039654051,6.0
2.0,0.800044187932565,6.928831162828107,4.0
1.584962500721156,0.6288543259586675,7.10942845084602,3.0
2.321928094887362,0.8462676963673097,6.911521449002341,5.0
2.584962500721156,0.568830241968611,7.065334950786049,6.0
2.321928094887362,0.9493028512758293,6.838306179415452,5.0
2.321928094887362,0.80486280017553,6.936276181985873,5.0
1.584962500721156,0.558794956970869,7.223455091422812,3.0
1.584962500721156,0.558794956970869,7.223455091422812,3.0
1.584962500721156,0.558794956970869,7.223455091422812,3.0
2.321928094887362,0.7988423481264582,6.998945825841908,5.0
2.807354922057604,0.992339116273173,6.877160191798494,7.0
2.321928094887362,0.5724823622085365,7.112039331657936,5.0
2.807354922057604,0.6879653876250952,7.055039380730259,7.0
2.584962500721156,1.2767834385882593,6.602824105047582,6.0
3.0,0.972085284370389,6.780841421605238,8.0
2.321928094887362,1.1130000964626594,6.698748910447789,5.0
2.584962500721156,1.317705044290676,6.498685604061933,6.0
2.321928094887362,1.3507474252422382,6.500867103089815,5.0
2.321928094887362,1.1012500916476344,6.684875077702643,5.0
2.584962500721156,1.2929574541472162,6.673357374260703,6.0
2.584962500721156,1.3490277733184195,6.58710309527366,6.0
2.807354922057604,1.233444743313344,6.6458761496583945,7.0
2.584962500721156,1.3640754213927637,6.607329614501726,6.0
2.584962500721156,1.2203309565003817,6.689493298827136,6.0
2.321928094887362,1.375737587170218,6.602824105047582,5.0
2.0,1.20429775870094,6.722000381848163,4.0
2.321928094887362,1.2591584391089505,6.696432607228409,5.0
3.169925001442312,1.6593491314885864,6.376714883142759,9.0
2.321928094887362,0.937978612630806,6.913988968262963,5.0
2.584962500721156,1.1569435644792871,6.731346228746805,6.0
2.584962500721156,1.8054395084289097,6.3020120729269635,6.0
2.584962500721156,1.4761234946373145,6.463979672932096,6.0
2.584962500721156,0.8596140174532096,6.901668959410035,6.0
1.584962500721156,0.41148509798179295,7.283220421250304,3.0
2.321928094887362,1.5064213952119754,6.461822856224411,5.0
3.0,0.550531961867768,7.112039331657936,8.0
2.807354922057604,0.8420697188981477,6.911521449002341,7.0
2.0,0.3962553185029457,7.2423646597249665,4.0
1.584962500721156,0.558794956970869,7.223455091422812,3.0
1.584962500721156,0.558794956970869,7.223455091422812,3.0
2.584962500721156,1.3977366899615447,6.57145676963168,6.0
2.584962500721156,0.9765319011371822,6.879603232719204,6.0
2.321928094887362,0.5724823622085365,7.112039331657936,5.0
2.584962500721156,0.5277459526028141,7.122502059619183,6.0
2.807354922057604,1.1785382711974066,6.6458761496583945,7.0
3.0,1.258118989287659,6.5848633458363,8.0
2.807354922057604,1.3281558762381118,6.511796603935629,7.0
2.584962500721156,1.2202089809763859,6.611841276922007,6.0
2.0,0.7093236012555159,7.004008354468195,4.0
2.807354922057604,1.319399767901564,6.562549339242481,7.0
2.807354922057604,1.4469456934337162,6.505234497851717,7.0
2.321928094887362,0.8422309013855446,6.9487201650895445,5.0
2.807354922057604,1.6095791878177028,6.436052874743954,7.0
2.321928094887362,1.2338299466931455,6.712680450642828,5.0
2.321928094887362,1.053215229503976,6.802277168986498,5.0
2.0,1.1346005921514735,6.7975019656386655,4.0
2.321928094887362,1.3247794415584304,6.675657738746832,5.0
2.321928094887362,1.158737082995788,6.733686752470292,5.0
2.0,0.4970355752813728,7.269550713252462,4.0
1.584962500721156,0.6496062916392102,7.065334950786049,3.0
2.0,0.2875199563847682,7.352347418414791,4.0
2.321928094887362,0.935693231536351,6.926353040094621,5.0
2.321928094887362,0.450714096999563,7.2073253070727805,5.0
3.0,0.9137957849403456,6.792733461979853,8.0
2.0,0.3962553185029457,7.2423646597249665,4.0
2.0,0.3962553185029457,7.2423646597249665,4.0
2.0,0.5924221593764222,7.183265244845904,4.0
2.321928094887362,0.7188598609557363,7.057610459221777,5.0
2.321928094887362,1.3461962446778617,6.620883111146858,5.0
2.584962500721156,0.9012831776445807,6.877160191798494,6.0
2.321928094887362,0.36493391585838775,7.275012434299233,5.0
2.321928094887362,0.36493391585838775,7.275012434299233,5.0
1.584962500721156,0.743957955481233,6.996417304951069,3.0
3.0,1.905244499284255,6.2150459242954295,8.0
2.584962500721156,1.5212040254655026,6.46613792991805,6.0
2.584962500721156,1.2935024469193053,6.553666023724047,6.0
3.0,1.3308757184645694,6.542595641927217,8.0
2.321928094887362,1.1778778258014497,6.634492326174909,5.0
2.807354922057604,1.3258418709950623,6.580388413219354,7.0
2.584962500721156,1.3259770483192315,6.5848633458363,6.0
2.584962500721156,1.166644341830393,6.708030169762576,6.0
3.0,1.6698728080304828,6.4104876200279906,8.0
2.321928094887362,1.0935500081054397,6.7642623472247845,5.0
2.321928094887362,1.05697846177321,6.847978465383507,5.0
2.321928094887362,1.1799663348402387,6.738372686188086,5.0
2.321928094887362,1.752905390739141,6.406246477044181,5.0
2.321928094887362,1.1515523307228686,6.743065146275961,5.0
2.321928094887362,0.8647614911378169,6.981284462907195,5.0
1.584962500721156,0.49498468786714994,7.21807048084404,3.0
3.0,0.7255132840302336,7.029431252306555,8.0
2.584962500721156,0.33068188332894755,7.285960534275605,6.0
2.584962500721156,0.3885290857916761,7.234248449796249,6.0
2.584962500721156,0.33426456025404433,7.275012434299233,6.0
2.584962500721156,0.33426456025404433,7.275012434299233,6.0
2.584962500721156,0.4178889902010632,7.2153811848377645,6.0
2.807354922057604,0.4284042510518082,7.188598032703994,7.0
2.321928094887362,0.7188598609557363,7.057610459221777,5.0
2.321928094887362,0.6715583296696068,7.10942845084602,5.0
2.321928094887362,0.7188598609557363,7.057610459221777,5.0
2.584962500721156,0.8513809473400955,6.923876689347358,6.0
2.807354922057604,0.8823070952019871,6.931311059450451,7.0
2.584962500721156,0.8628664939119324,6.901668959410035,6.0
2.0,0.47396548621219964,7.2423646597249665,4.0
2.584962500721156,0.7354181022938396,6.968723677619489,6.0
2.807354922057604,0.8022193827678241,6.996417304951069,7.0
2.584962500721156,0.8916481040083641,6.956208010095028,6.0
2.0,1.0108525287924257,6.811847731306563,4.0
2.0,0.8572064293701062,6.918929296214562,4.0
2.321928094887362,1.2330220212232224,6.701066816645176,5.0
2.321928094887362,1.3866486681232564,6.627680732410869,5.0
2.584962500721156,1.6245330917710787,6.500867103089815,6.0
2.584962500721156,1.5901875878062879,6.531562596999851,6.0
2.321928094887362,1.0826375038116418,6.811847731306563,5.0
2.584962500721156,1.1892536776791454,6.698748910447789,6.0
2.0,0.9794343632760437,6.802277168986498,4.0
2.0,0.9256193218609053,6.886942780976017,4.0
2.807354922057604,1.1427103576704662,6.750116103208281,7.0
2.807354922057604,1.3590735149087585,6.636765969878191,7.0
2.584962500721156,1.6868160729899595,6.277498573777815,6.0
2.584962500721156,1.3674500525416673,6.580388413219354,6.0
2.807354922057604,1.393793696115289,6.58262511900223,7.0
2.321928094887362,0.5902764949923073,7.169967826769551,5.0
1.0,0.00945687905968176,7.737148661647847,2.0
1.584962500721156,0.07217879875487769,7.535440894982319,3.0
2.584962500721156,0.7439417861651173,6.958707545851441,6.0
1.584962500721156,0.5053287831618031,7.078246747114239,3.0
1.584962500721156,0.2993821356700445,7.385996605684423,3.0
1.584962500721156,0.27604400283685315,7.512057059776788,3.0
1.584962500721156,0.37332804255583474,7.324539750417761,3.0
2.321928094887362,0.8929940616413601,6.906591690479515,5.0
2.0,0.9842649254386489,6.867405354647007,4.0
2.321928094887362,0.8623164499391776,7.011615894317363,5.0
2.584962500721156,0.9122369224594682,6.963712010105919,6.0
2.321928094887362,1.2855077086963542,6.641317935563977,5.0
2.0,0.9178379914677308,6.867405354647007,4.0
2.0,1.3639844817917706,6.620883111146858,4.0
2.584962500721156,1.6508201347204758,6.433914651197528,6.0
2.321928094887362,1.4962688856509794,6.643596260756281,5.0
2.584962500721156,1.074320012365919,6.785593237597953,6.0
2.321928094887362,1.02224325993222,6.771357727309286,5.0
2.0,0.3680542570057839,7.283220421250304,4.0
2.584962500721156,1.1636439923967734,6.701066816645176,6.0
2.584962500721156,1.0793027191603908,6.785593237597953,6.0
2.807354922057604,1.3734337031699833,6.639041172473281,7.0
2.807354922057604,1.1744185013547883,6.717337183525688,7.0
2.584962500721156,1.670960769450384,6.3040635091486195,6.0
2.584962500721156,1.1762499613961306,6.7290073315165255,6.0
2.807354922057604,1.191221120835285,6.7150080097449925,7.0
